Posicion X;Posicion Y;Posicion X f; Posicion Y f
-0,05104331;7,69736;-0,04986983;7,520399
-0,03675251;7,713139;-0,04311816;7,619605
-0,02722266;7,723239;-0,03493993;7,672925
-0,01826165;7,726242;-0,02636568;7,700335
-0,01240963;7,722142;-0,01919537;7,711539
-0,006029251;7,701954;-0,0124325;7,706615
-0,0007448567;7,67767;-0,006435942;7,691765
0,002874882;7,654815;-0,001661622;7,672818
0,003627071;7,646702;0,001046335;7,659446
0,001453291;7,654624;0,001295389;7,656495
-0,006203515;7,675354;-0,002546906;7,666158
-0,01561889;7,689698;-0,009245405;7,678221
-0,02391546;7,708613;-0,01821845;7,69681
-0,03278474;7,714976;-0,02567814;7,706113
-0,04110074;7,715116;-0,03511002;7,711619
-0,04864599;7,710401;-0,0420564;7,710994
-0,06045046;7,674691;-0,0514786;7,692398
-0,06231264;7,654884;-0,05702733;7,673185
-0,05821076;7,656155;-0,05763328;7,664465
-0,05220054;7,669777;-0,05485107;7,667186
-0,04511316;7,69502;-0,04986437;7,681439
-0,03636379;7,707472;-0,04294926;7,694774
-0,02555619;7,712947;-0,03404147;7,704081
-0,02039662;7,711329;-0,0270528;7,707793
-0,01526179;7,704614;-0,02101333;7,706165
-0,009543847;7,689643;-0,01513901;7,697703
-0,006990088;7,656634;-0,01096452;7,676664
-0,004362512;7,638334;-0,00758278;7,65703
-0,003507077;7,633232;-0,005494793;7,644838
-0,005229424;7,640395;-0,005358852;7,642562
-0,01007504;7,657531;-0,007774204;7,650228
-0,01686382;7,674056;-0,01242955;7,662432
-0,02398004;7,692442;-0,0183476;7,677808
-0,03108922;7,698066;-0,024874;7,688184
-0,03640169;7,695766;-0,03077699;7,692067
-0,04178352;7,683079;-0,03641457;7,687463
-0,04595708;7,657622;-0,04130179;7,67218
-0,0491136;7,634509;-0,04530325;7,652884
-0,0504755;7,618673;-0,0479521;7,635364
-0,04869272;7,615664;-0,04833149;7,625272
-0,04521317;7,622985;-0,04673406;7,624101
-0,04001058;7,640628;-0,04329108;7,632564
-0,02915061;7,657873;-0,03605199;7,645521
-0,01961948;7,67498;-0,02763858;7,660604
-0,003897047;7,677553;-0,01547753;7,669286
0,001294576;7,665237;-0,006888169;7,667212
0,005826934;7,639841;-0,000375622;7,653193
0,008168419;7,617849;0,003999435;7,635095
0,009701756;7,602471;0,006920573;7,618382
0,009616841;7,599405;0,008301666;7,608662
0,006702238;7,610178;0,007482602;7,609438
-0,0007454728;7,628351;0,00326883;7,619124
-0,01348658;7,645318;-0,005312812;7,63254
-0,02088215;7,659486;-0,01328556;7,646338
-0,02985766;7,662288;-0,02177234;7,654506
-0,03979737;7,659837;-0,03100587;7,657237
-0,04663846;7,648685;-0,03901245;7,652857
-0,05145446;7,625088;-0,04538696;7,63863
-0,05359074;7,605817;-0,04958851;7,621825
-0,05348936;7,595119;-0,05158672;7,608144
-0,05039486;7,597887;-0,05097613;7,60289
-0,04593915;7,611458;-0,04839644;7,607278
-0,04038342;7,628685;-0,04429323;7,618239
-0,0292318;7,652104;-0,03658189;7,635578
-0,01939636;7,667727;-0,02777904;7,652046
-0,01185292;7,669773;-0,01961817;7,661129
-0,007770469;7,666092;-0,01354883;7,663672
-0,004317262;7,651789;-0,008818113;7,657583
-0,003677817;7,626187;-0,006185004;7,6415
-0,004228108;7,605995;-0,005182583;7,623312
-0,005840112;7,596834;-0,005519358;7,609751
-0,01077321;7,601186;-0,008210443;7,605364
-0,02117015;7,619623;-0,01484759;7,612667
-0,03112252;7,633859;-0,02318181;7,623519
-0,04204398;7,658703;-0,03284195;7,641538
-0,04954945;7,668456;-0,04139997;7,655326
-0,05976349;7,669485;-0,05080766;7,66258
-0,07031766;7,664912;-0,06080379;7,663775
-0,07780657;7,65859;-0,06951349;7,661119
-0,08368453;7,632972;-0,0767716;7,646703
-0,08765877;7,616193;-0,08234827;7,631075
-0,08504427;7,612077;-0,08372913;7,621345
-0,08346483;7,618598;-0,08359377;7,619938
-0,07880846;7,639552;-0,08114353;7,629981
-0,06954918;7,66084;-0,07520685;7,645782
-0,05985983;7,678747;-0,06734502;7,662669
-0,04941823;7,688943;-0,05816321;7,676126
-0,04232396;7,687833;-0,05004834;7,682124
-0,03740481;7,681648;-0,04357262;7,68188
-0,02832347;7,639128;-0,03576252;7,659984
-0,0259316;7,612844;-0,0297495;7,631151
-0,03604016;7,640663;-0,03297108;7,636022
-0,04450871;7,66266;-0,03887916;7,649662
-0,05168114;7,68201;-0,04543624;7,666231
-0,05719217;7,689178;-0,05145746;7,677984
-0,06274976;7,689279;-0,05724175;7,683769
-0,06912418;7,686139;-0,06333116;7,684983
-0,07517122;7,676207;-0,06939528;7,680488
-0,07763931;7,650971;-0,07361663;7,665374
-0,08000082;7,638178;-0,07688622;7,651446
-0,07786958;7,635692;-0,07738989;7,643377
-0,07450148;7,645472;-0,07591062;7,64445
-0,06671548;7,664675;-0,07120223;7,654806
-0,06087195;7,6891;-0,06591165;7,672369
-0,04651956;7,703106;-0,05598011;7,688111
-0,03420444;7,705964;-0,04482486;7,697257
-0,02655588;7,703054;-0,03546694;7,700226
-0,02092058;7,694718;-0,02801584;7,697405
-0,01498271;7,671992;-0,02134155;7,684391
-0,009167062;7,647387;-0,01510588;7,665438
-0,007068861;7,631899;-0,01098885;7,648257
-0,007038806;7,631549;-0,008966021;7,639701
-0,009475382;7,644288;-0,009226891;7,64205
-0,01794771;7,6671;-0,01369276;7,654878
-0,02614828;7,687071;-0,02007161;7,671365
-0,03398105;7,699905;-0,0271953;7,685982
-0,0410596;7,702418;-0,03429772;7,694402
-0,04832115;7,700681;-0,04148027;7,697618
-0,057871;7,690516;-0,04987399;7,693981
-0,06412748;7,669661;-0,05717156;7,68153
-0,06607505;7,651783;-0,06173058;7,666298
-0,06457803;7,644072;-0,06318894;7,654914
-0,06319206;7,649823;-0,06319054;7,652307
-0,05594818;7,667651;-0,05948318;7,660161
-0,04747464;7,68839;-0,05333456;7,674615
-0,03647735;7,704771;-0,04470413;7,690054
-0,02460037;7,711842;-0,03440668;7,701214
-0,01666439;7,712477;-0,02531932;7,706983
-0,01077333;7,706672;-0,01787047;7,706823
-0,003990911;7,688998;-0,01076239;7,697694
0,0005879424;7,660102;-0,004949792;7,678443
0,003780511;7,637598;-0,0004792912;7,657527
0,005440395;7,630293;0,00255283;7,643578
0,004866264;7,633408;0,003738063;7,638367
-0,006845173;7,667279;-0,001681089;7,653172
-0,01465687;7,684639;-0,008330453;7,669297
-0,02150159;7,693895;-0,01507377;7,68189
-0,02762798;7,692685;-0,02150355;7,687419
-0,03504112;7,687974;-0,02843735;7,687704
-0,04030403;7,678;-0,03451416;7,682734
-0,04349574;7,645822;-0,03911495;7,663826
-0,04597875;7,62904;-0,04263116;7,646006
-0,04538635;7,625749;-0,0440422;7,635632
-0,04343843;7,635303;-0,04373295;7,635463
-0,03673052;7,654231;-0,04014705;7,645074
-0,03075081;7,673244;-0,03533575;7,659498
-0,02008738;7,690131;-0,02752613;7,675187
-0,01081425;7,696067;-0,01896094;7,685888
-0,004635064;7,693663;-0,01162128;7,689871
0,0001315581;7,683959;-0,005602262;7,686843
0,003136572;7,661121;-0,001127786;7,673673
0,00487852;7,633617;0,001948158;7,653159
0,004946763;7,615578;0,003487685;7,633864
0,004594909;7,61094;0,00405508;7,622117
-3,349719E-06;7,61787;0,001979354;7,619945
-0,01028503;7,637568;-0,004301767;7,628971
-0,02083443;7,64923;-0,01276431;7,63934
-0,03010264;7,668944;-0,02164286;7,6545
-0,0394119;7,674426;-0,03074253;7,664704
-0,04853466;7,672847;-0,03985302;7,668874
-0,05636509;7,661868;-0,04831123;7,665285
-0,06237394;7,638992;-0,05551335;7,651819
-0,06568741;7,620246;-0,06072301;7,635652
-0,06626733;7,608607;-0,06356259;7,6218
-0,06435565;7,609502;-0,06396865;7,615504
-0,05947095;7,621728;-0,06166519;7,618692
-0,04951338;7,638917;-0,05544406;7,629046
-0,03818118;7,662342;-0,04660672;7,646091
-0,02535282;7,675102;-0,0357206;7,66095
-0,014942;7,678713;-0,02508027;7,670046
-0,005398872;7,676918;-0,01500331;7,673564
0,002360793;7,660961;-0,00610981;7,667109
0,009212303;7,639505;0,001743071;7,652962
0,01300785;7,617723;0,007518644;7,634894
0,01499821;7,606101;0,01134794;7,620153
0,01282214;7,607187;0,01210295;7,613513
0,008616351;7,621594;0,01031763;7,617651
-0,00272054;7,641101;0,003640244;7,629661
-0,01323307;7,658738;-0,004999037;7,644548
-0,02236723;7,672051;-0,01389388;7,658633
-0,03009802;7,673073;-0,02219377;7,666029
-0,03625321;7,667628;-0,02939571;7,666849
-0,04262512;7,654954;-0,03617026;7,660758
-0,0465054;7,636893;-0,04146321;7,648536
-0,0494845;7,623363;-0,04557195;7,635641
-0,04947627;7,618807;-0,04757176;7,627019
-0,04789929;7,628581;-0,04773949;7,627819
-0,03937459;7,64279;-0,04345414;7,635489
-0,02870969;7,671686;-0,0359055;7,65402
-0,02055062;7,690606;-0,02803465;7,672774
-0,009191186;7,697716;-0,01838349;7,685549
-0,002252346;7,698201;-0,01011598;7,692033
0,003030912;7,689848;-0,00338018;7,690914
0,006928936;7,671262;0,001901717;7,680845
0,009308275;7,650931;0,005698537;7,66551
0,01073081;7,635818;0,008275574;7,650305
0,009838336;7,632333;0,009076781;7,641091
0,005382231;7,639773;0,007185092;7,640416
-0,004417438;7,659979;0,00124317;7,650435
-0,01514139;7,679399;-0,007146103;7,665265
-0,02593625;7,696484;-0,01677111;7,681257
-0,03515509;7,704618;-0,02618864;7,693224
-0,04357374;7,70348;-0,03509289;7,698477
-0,05187377;7,698245;-0,04368303;7,698358
-0,05886797;7,687681;-0,0514605;7,692889
-0,0613535;7,65773;-0,0565277;7,674881
-0,06212544;7,64036;-0,05939342;7,657208
-0,06048235;7,637005;-0,05995112;7,646861
-0,05663345;7,644991;-0,05825238;7,645904
-0,05075112;7,663746;-0,0544102;7,655043
-0,04392056;7,683055;-0,04904168;7,669379
-0,03640638;7,702288;-0,04257155;7,686231
-0,02069495;7,706375;-0,03135991;7,696554
-0,01293736;7,704987;-0,02192814;7,700871
-0,007951644;7,696579;-0,0147697;7,698673
-0,003071598;7,683866;-0,008778857;7,69109
0,0008958581;7,652532;-0,003820092;7,671327
0,004084419;7,636846;0,0002276497;7,65367
0,003849704;7,633064;0,002082767;7,643116
0,0008802251;7,644916;0,00146695;7,644038
-0,008590988;7,665991;-0,003684786;7,655282
-0,01936628;7,686926;-0,01171567;7,671488
-0,02930757;7,703318;-0,02072439;7,687788
-0,03849425;7,708222;-0,02982621;7,698254
-0,04745443;7,710945;-0,03886243;7,70476
-0,05697436;7,70404;-0,04813816;7,704391
-0,06682827;7,690785;-0,0577114;7,697422
-0,067513;7,664593;-0,06273159;7,680608
-0,06766482;7,64623;-0,06525879;7,662997
-0,06624273;7,64403;-0,06576402;7,653257
-0,06532265;7,654624;-0,06553821;7,653956
-0,05802514;7,674468;-0,0616912;7,664459
-0,04839789;7,69517;-0,05488207;7,68019
-0,03927369;7,712852;-0,04688648;7,696921
-0,02704777;7,716822;-0,03672935;7,70711
-0,02019729;7,715842;-0,02826202;7,711583
-0,01575082;7,705279;-0,02185481;7,708354
-0,01176733;7,690468;-0,01668934;7,699195
-0,00908081;7,664642;-0,0127929;7,6815
-0,007171355;7,641719;-0,009913962;7,661127
-0,007241677;7,636697;-0,00854537;7,648615
-0,01053952;7,648087;-0,009566628;7,648345
-0,02062524;7,667468;-0,01522868;7,658136
-0,03136311;7,685484;-0,02348814;7,672136
-0,04158802;7,70472;-0,03276355;7,688834
-0,04998022;7,710991;-0,041575;7,700174
-0,05805234;7,711679;-0,05001444;7,706067
-0,06597543;7,705482;-0,05818674;7,705767
-0,07326866;7,694204;-0,06591198;7,699844
-0,07518726;7,674632;-0,07066916;7,686913
-0,07460163;7,655842;-0,07268234;7,671007
-0,07176666;7,650638;-0,0722132;7,660571
-0,06978409;7,659358;-0,07096916;7,65995
-0,06219154;7,678383;-0,06647282;7,669393
-0,0491951;7,696786;-0,05762633;7,683418
-0,03909137;7,712916;-0,04813089;7,69853
-0,02849292;7,717755;-0,03807531;7,708374
-0,0218963;7,716232;-0,02978778;7,712399
-0,01620037;7,709131;-0,02282696;7,710725
-0,0100192;7,690918;-0,01626536;7,700577
-0,004500912;7,671341;-0,0102379;7,685598
0,003435652;7,651843;-0,003235002;7,668311
0,007872242;7,652007;0,002455701;7,659957
0,009571453;7,66552;0,006100758;7,662807
0,008703312;7,683805;0,007433978;7,673563
0,005311297;7,702095;0,006346906;7,688175
0,000706056;7,711515;0,003456327;7,700135
-0,006152182;7,712686;-0,001462881;7,706561
-0,01160013;7,708291;-0,006654027;7,707447
-0,01576708;7,695557;-0,0113203;7,701359
-0,01991279;7,680917;-0,01572089;7,69089
-0,02182591;7,66168;-0,01884819;7,675927
-0,02107143;7,657646;-0,01998684;7,666564
-0,01652706;7,663936;-0,01821485;7,665218
-0,008523953;7,679413;-0,01325227;7,672487
0,0008855245;7,696098;-0,006009762;7,684582
0,01094251;7,710251;0,002670162;7,697725
0,01925306;7,718129;0,01116603;7,708179
0,02591409;7,71919;0,01872087;7,71382
0,0311902;7,711545;0,02510775;7,712654
0,0348884;7,691698;0,03011893;7,701917
0,03711835;7,673011;0,03370399;7,687111
0,03764454;7,660744;0,03572309;7,673601
0,03479806;7,659893;0,03524926;7,666579
0,02901019;7,671544;0,03205344;7,669122
0,01839438;7,689942;0,02505735;7,679786
0,007115941;7,708857;0,01586732;7,694676
-0,003013207;7,722797;0,006195069;7,709083
-0,01114123;7,723655;-0,002682815;7,716545
-0,01837306;7,720217;-0,01071928;7,718426
-0,02558826;7,708867;-0,01833479;7,71353
-0,02952004;7,690574;-0,02406373;7,701772
-0,03173784;7,671653;-0,02799446;7,686345
-0,03204401;7,662255;-0,03006793;7,67401
-0,03139099;7,663972;-0,0307455;7,668869
-0,02665321;7,678409;-0,02864989;7,673755
-0,01955588;7,691574;-0,02399447;7,682877
-0,01235398;7,714749;-0,01803367;7,699198
-0,001377582;7,727311;-0,009501968;7,713598
0,006902218;7,730574;-0,001094881;7,722298
0,01410335;7,727776;0,006698978;7,725107
0,01698256;7,710896;0,0119663;7,717828
0,01930965;7,696054;0,01572425;7,706685
0,02054837;7,671219;0,01819444;7,688525
0,02077025;7,664491;0,01951365;7,676216
0,01794281;7,665729;0,01870898;7,670844
0,01181521;7,683136;0,01517985;7,677137
0,0002493868;7,696356;0,007531421;7,686982
-0,01014254;7,720707;-0,001515327;7,704245
-0,01893238;7,733495;-0,01043706;7,719228
-0,02732962;7,734367;-0,01909303;7,726985
-0,03438116;7,729922;-0,02692043;7,728489
-0,04312467;7,718086;-0,03522147;7,72316
-0,04628491;7,696848;-0,04088406;7,709693
-0,04967591;7,681172;-0,0453863;7,695088
-0,05031347;7,67351;-0,0479096;7,684037
-0,04990061;7,67952;-0,04892908;7,681724
-0,04617326;7,698104;-0,04751819;7,69011
-0,04104565;7,712583;-0,04420407;7,701617
-0,03201716;7,734457;-0,03795762;7,71845
-0,02422588;7,744146;-0,03091713;7,731625
-0,01867294;7,74296;-0,0246461;7,737431
-0,01472655;7,737059;-0,01956678;7,73724
-0,01055509;7,727773;-0,01495138;7,732392
-0,007876196;7,695296;-0,01132845;7,713397
-0,005874397;7,662651;-0,008534371;7,6874
-0,004736331;7,654897;-0,006588684;7,670749
-0,006094195;7,657345;-0,006335152;7,663877
-0,01197094;7,674524;-0,009220822;7,669329
-0,02124054;7,696728;-0,01537847;7,683365
-0,02879757;7,710971;-0,02225235;7,697506
-0,03541823;7,723968;-0,02899478;7,711058
-0,04277425;7,72476;-0,03605657;7,71808
-0,04951147;7,719883;-0,04294467;7,719003
-0,05643856;7,71154;-0,0498587;7,715179
-0,05751039;7,678436;-0,05377743;7,696362
-0,06232842;7,660046;-0,05815526;7,67777
-0,06144189;7,645654;-0,05983917;7,661315
-0,0599838;7,646201;-0,05991327;7,653572
-0,05647937;7,65826;-0,05815459;7,655972
-0,04708967;7,680267;-0,05248803;7,668414
-0,03732994;7,696084;-0,04472784;7,68258
-0,02892934;7,706759;-0,0366415;7,694956
-0,02287933;7,706793;-0,02959517;7,701016
-0,01797284;7,700574;-0,02364554;7,70079
-0,0132866;7,688035;-0,01834095;7,694259
-0,008483932;7,662811;-0,01329295;7,678154
-0,003213438;7,631125;-0,008128485;7,654058
0,0001870989;7,620546;-0,003871312;7,636901
0,0007275761;7,619696;-0,001514376;7,628084
0,0001884129;7,631492;-0,0006421568;7,629829
-0,001739985;7,648042;-0,00120431;7,639155
-0,006936479;7,663463;-0,004140197;7,651605
-0,009558059;7,672956;-0,006913821;7,662536
-0,01279537;7,672801;-0,009927202;7,667795
-0,01516206;7,666098;-0,01260731;7,666926
-0,01570954;7,648859;-0,0141955;7,657676
-0,01473641;7,631492;-0,01447254;7,644265
-0,01200266;7,622109;-0,01320662;7,632909
-0,006255318;7,623993;-0,009646128;7,628342
0,003090001;7,635897;-0,003123645;7,632211
0,01559878;7,652096;0,006463374;7,642393
0,02689373;7,671381;0,01692702;7,657239
0,0363574;7,684841;0,02687894;7,671376
0,04360824;7,685362;0,03544743;7,67854
0,05092817;7,679444;0,04337846;7,679003
0,05461014;7,665667;0,04913074;7,672173
0,05644847;7,645364;0,05288069;7,658435
0,0594777;7,625814;0,05625893;7,64173
0,06212329;7,618024;0,05926394;7,629583
0,06213595;7,620122;0,06073529;7,624736
0,06213595;7,620122;0,06145283;7,622372
0,06026725;7,633653;0,06084545;7,628151
0,04610095;7,668597;0,05329579;7,648861
0,03995987;7,680432;0,04646462;7,665033
0,03263997;7,683615;0,03938372;7,674551
0,02622916;7,678159;0,03264618;7,676399
0,02200999;7,661662;0,02719989;7,668852
0,01902257;7,642545;0,0230093;7,655371
0,01701651;7,627563;0,0199402;7,64113
0,01671792;7,623701;0,01828977;7,632203
0,01722815;7,630106;0,01774595;7,631129
0,02092082;7,646619;0,01937125;7,639059
0,02699221;7,661617;0,02327475;7,650613
0,03347446;7,679648;0,02849712;7,665479
0,04055434;7,686255;0,03467374;7,676122
0,04677431;7,683979;0,04087195;7,680146
0,04677431;7,683979;0,04389506;7,682109
0,05229843;7,676414;0,04819915;7,679192
0,05415816;7,637844;0,05125134;7,658013
0,05508623;7,622413;0,05321693;7,639766
0,05524221;7,62033;0,05425497;7,629804
0,04722703;7,641822;0,05065603;7,635958
0,03852383;7,659181;0,04443691;7,647862
0,03140014;7,6763;0,03776313;7,66242
0,02369151;7,686549;0,03055282;7,674784
0,01828893;7,686014;0,02427318;7,680534
0,0135354;7,673136;0,0187729;7,676744
0,009735593;7,657241;0,01414476;7,666756
0,008355445;7,641019;0,01117975;7,653575
0,01106715;7,632879;0,01112207;7,642974
0,01458011;7,63499;0,01289266;7,638886
0,01826886;7,650975;0,01564474;7,645074
0,02551102;7,665718;0,02069619;7,655643
0,03256663;7,685853;0,02677631;7,671117
0,03976509;7,698609;0,03342887;7,685198
0,04273665;7,701218;0,03819703;7,693405
0,04466166;7,695193;0,04150831;7,694321
0,0448378;7,681468;0,04321337;7,687738
0,04471133;7,666434;0,04398041;7,676829
0,04431465;7,637174;0,04415175;7,656501
0,04857281;7,632278;0,0464167;7,644092
0,04662287;7,636375;0,04652233;7,640138
0,04072391;7,650738;0,04355165;7,645569
0,03234069;7,667016;0,03781126;7,65655
0,02330625;7,685904;0,03038042;7,671588
0,01680091;7,701123;0,02342353;7,686719
0,008209436;7,70333;0,01563429;7,695223
0,001094866;7,696153;0,008186185;7,6957
-0,005982417;7,678422;0,0009285095;7,68685
-0,01113676;7,658314;-0,005247768;7,672242
-0,01336349;7,642036;-0,009404076;7,656773
-0,01296109;7,636454;-0,01122575;7,646367
-0,01426206;7,644937;-0,01278036;7,645635
-0,01065608;7,661557;-0,01169251;7,653789
-0,007334696;7,676821;-0,009460904;7,665584
-0,002501635;7,697438;-0,005897243;7,681895
0,002070843;7,703328;-0,001816493;7,692872
0,005550032;7,704838;0,001956657;7,699001
0,006881167;7,690973;0,004478157;7,69489
0,006239606;7,673834;0,005380173;7,684108
0,006960361;7,652954;0,006189425;7,668153
0,008630675;7,638177;0,007440173;7,652795
0,008176715;7,636613;0,007817373;7,644508
0,004237934;7,64227;0,005983954;7,643362
-0,002657623;7,658695;0,00155733;7,651216
-0,01291137;7,674514;-0,005854276;7,663151
-0,0227944;7,692426;-0,0145306;7,678145
-0,02950976;7,700302;-0,02220361;7,689495
-0,03715219;7,697904;-0,02986116;7,693802
-0,04292756;7,689018;-0,03655383;7,691352
-0,04672763;7,670657;-0,04176582;7,68075
-0,04909882;7,655824;-0,04552123;7,667984
-0,04812085;7,646307;-0,04685295;7,65688
-0,04516701;7,648174;-0,04598955;7,652421
-0,04123878;7,663612;-0,04355671;7,658152
-0,03575655;7,676437;-0,0395628;7,667514
-0,02711906;7,702321;-0,03318981;7,68534
-0,01888431;7,714171;-0,02586221;7,700108
-0,01395594;7,718102;-0,0197651;7,709322
-0,008124286;7,712941;-0,01380305;7,711176
-0,008256914;7,699714;-0,0109607;7,705302
-0,007145694;7,682175;-0,009007563;7,693461
-0,004929836;7,662786;-0,006918627;7,677747
-0,00451159;7,655065;-0,00568592;7,666131
-0,006475037;7,656943;-0,006090045;7,661426
-0,01606983;7,672937;-0,01120005;7,66732
-0,03014255;7,685907;-0,02090213;7,67684
-0,04597938;7,712043;-0,03374436;7,694868
-0,06189217;7,722347;-0,04816009;7,708941
-0,07506336;7,721349;-0,06194369;7,715299
-0,08739766;7,715867;-0,07498439;7,71559
-0,09498595;7,706984;-0,08522927;7,711182
-0,1024884;7,684672;-0,09407149;7,6976
-0,107546;7,672936;-0,1009721;7,684969
-0,1106735;7,669595;-0,1059421;7,677093
-0,1132143;7,677749;-0,1096698;7,677429
-0,1130689;7,691752;-0,1114097;7,684761
-0,1108993;7,71134;-0,1111483;7,698372
-0,1055144;7,726579;-0,1082628;7,712819
-0,09674259;7,733223;-0,1023622;7,72327
-0,09091578;7,730222;-0,09650107;7,72683
-0,08685294;7,723518;-0,09155598;7,725132
-0,08035297;7,702673;-0,08582035;7,713634
-0,07560983;7,677095;-0,08059168;7,694923
-0,07194428;7,658932;-0,07616219;7,676487
-0,06860908;7,655728;-0,07229421;7,665857
-0,06844387;7,662394;-0,07032207;7,664083
-0,0732784;7,681731;-0,07183633;7,673122
-0,0791301;7,699805;-0,07556995;7,686781
-0,08337267;7,71728;-0,07956641;7,702402
-0,09075867;7,725534;-0,08529775;7,714248
-0,09869637;7,724098;-0,09216082;7,719293
-0,1040758;7,713305;-0,09827338;7,716221
-0,1142637;7,69772;-0,1064891;7,706715
-0,1151776;7,673729;-0,1109341;7,68984
-0,114044;7,659497;-0,1125261;7,674307
-0,1119017;7,658781;-0,1122064;7,666358
-0,1089471;7,666533;-0,1105378;7,666448
-0,1020252;7,682701;-0,1061799;7,674768
-0,0915096;7,699539;-0,09867035;7,687448
-0,08129839;7,714311;-0,08977596;7,701201
-0,07111581;7,719429;-0,08022058;7,710536
-0,06543823;7,716471;-0,072648;7,713576
-0,06092345;7,707338;-0,06664619;7,710382
-0,05489284;7,684135;-0,06062827;7,696944
-0,04744428;7,661488;-0,05387431;7,67878
-0,0412497;7,645361;-0,04741203;7,661674
-0,03927692;7,64398;-0,04324486;7,65261
-0,04048057;7,653012;-0,04182975;7,652816
-0,04481623;7,672676;-0,0433588;7,662984
-0,0483389;7,689668;-0,04590915;7,676649
-0,05357648;7,704563;-0,0498348;7,690941
-0,05854856;7,708168;-0,05430672;7,699781
-0,06340771;7,705681;-0,05897255;7,702806
-0,06940413;7,696673;-0,06431434;7,699666
-0,07012389;7,677692;-0,06728817;7,688417
-0,06811076;7,658083;-0,0677095;7,672881
-0,06523933;7,64887;-0,06644415;7,660581
-0,06229165;7,649123;-0,06431688;7,654711
-0,0567944;7,664257;-0,06046509;7,659599
-0,0454979;7,675174;-0,05279964;7,667575
-0,03088207;7,698792;-0,04157241;7,683566
-0,01891208;7,710195;-0,02996347;7,697208
-0,007335807;7,712134;-0,01836877;7,704857
0,003385024;7,706026;-0,007224402;7,705456
0,01198419;7,68878;0,002620822;7,696908
0,01743853;7,666769;0,01021403;7,681464
0,02088279;7,645585;0,01568076;7,663079
0,02400713;7,63737;0,01994606;7,649909
0,02311737;7,638774;0,02157091;7,644204
0,01886268;7,655334;0,02018331;7,649907
0,01204771;7,673663;0,01601555;7,662077
0,002605717;7,690104;0,00914495;7,676437
-0,004357809;7,700752;0,002230405;7,688889
-0,01066533;7,701578;-0,004375216;7,695389
-0,01651182;7,694297;-0,01059116;7,69483
-0,0224603;7,680604;-0,01666936;7,687545
-0,02449934;7,65521;-0,02067951;7,670985
-0,02619711;7,640248;-0,02350618;7,655239
-0,02632236;7,638148;-0,02494855;7,646485
-0,02474322;7,646818;-0,02484338;7,646656
-0,02167284;7,662786;-0,02322003;7,654914
-0,01810747;7,680789;-0,02060248;7,668162
-0,01248784;7,697377;-0,0164458;7,683127
-0,005349794;7,703997;-0,01076384;7,693814
-0,001691959;7,701714;-0,00611952;7,697858
0,001222692;7,694451;-0,002358775;7,696113
0,003807598;7,674797;0,0007980119;7,6852
0,004611181;7,653329;0,002750237;7,668883
0,004595642;7,641926;0,003695163;7,65508
0,001248302;7,64187;0,002441935;7,648314
-0,006366895;7,654027;-0,002068113;7,651239
-0,0170351;7,669841;-0,009733705;7,660767
-0,02687023;7,686294;-0,01850913;7,673839
-0,03627196;7,698579;-0,02760639;7,686509
-0,0452344;7,698546;-0,0366374;7,692676
-0,05287379;7,694025;-0,04495092;7,693367
-0,0590657;7,681104;-0,0521814;7,687085
-0,0633214;7,662387;-0,05788812;7,674433
-0,06497737;7,649059;-0,06151963;7,661435
-0,06473176;7,644476;-0,06316493;7,652749
-0,06345586;7,648993;-0,06331395;7,650825
-0,05815461;7,660409;-0,06067158;7,655733
-0,05331274;7,687796;-0,05690274;7,672154
-0,04267681;7,710008;-0,04961838;7,691537
-0,03379257;7,721106;-0,04151183;7,706684
-0,02717219;7,723588;-0,03416421;7,715345
-0,02201905;7,720506;-0,02794411;7,717988
-0,01824605;7,707969;-0,02297588;7,712855
-0,01479861;7,685311;-0,01878957;7,698754
-0,01181537;7,661759;-0,01521842;7,679811
-0,01157218;7,653897;-0,01335082;7,666538
-0,01271577;7,655389;-0,01302559;7,660828
-0,01818217;7,670382;-0,0156667;7,665722
-0,02697367;7,687777;-0,0214575;7,677017
-0,0344151;7,703352;-0,0280962;7,69051
-0,04148109;7,713531;-0,03495001;7,702298
-0,04724619;7,711964;-0,04124884;7,70725
-0,05363249;7,706398;-0,04759383;7,706813
-0,05853949;7,690781;-0,0532012;7,6986
-0,0584888;7,673236;-0,05591096;7,685602
-0,05757129;7,662589;-0,0567613;7,673816
-0,05398305;7,659656;-0,05533817;7,666563
-0,04888656;7,670619;-0,05203302;7,668641
-0,04035664;7,690417;-0,04605464;7,67979
-0,02668163;7,7113;-0,03612936;7,695934
-0,01419051;7,723923;-0,02489223;7,71027
-0,002744941;7,730776;-0,01354568;7,720776
0,003818392;7,729865;-0,00464874;7,725433
0,01014975;7,718964;0,002935682;7,722117
0,01568889;7,711512;0,009467083;7,716686
0,02227109;7,671671;0,01602689;7,693624
0,02438472;7,657713;0,02030826;7,675229
0,02534067;7,655547;0,0228867;7,665144
0,02409218;7,665034;0,02350421;7,665088
0,02046108;7,684594;0,02194544;7,675079
0,01307422;7,69967;0,01740328;7,68767
0,005262792;7,717525;0,01118428;7,702963
-0,0004668987;7,718805;0,005217789;7,711076
-0,005281694;7,715066;-0,000159651;7,71312
-0,009907257;7,702694;-0,005153543;7,707778
-0,01437791;7,679579;-0,009878135;7,693335
-0,01709141;7,661605;-0,01357254;7,677084
-0,01835607;7,651338;-0,01602352;7,663892
-0,01767504;7,653725;-0,01686927;7,658686
-0,01416125;7,664885;-0,01548207;7,661861
-0,009199413;7,68293;-0,0122643;7,672652
-0,002492199;7,700953;-0,007259629;7,687146
0,004318768;7,711249;-0,001329184;7,699492
0,00787923;7,714029;0,003389958;7,706942
0,01084002;7,708484;0,007203758;7,707732
0,01236042;7,692848;0,009845234;7,700108
0,01200846;7,673688;0,01095285;7,686581
0,0116926;7,658558;0,01133174;7,672228
0,009420003;7,650901;0,01035264;7,661305
0,005437198;7,653974;0,007835587;7,657551
-0,001978367;7,668796;0,002809684;7,66331
-0,01148653;7,680856;-0,004511845;7,672296
-0,02090211;7,698436;-0,01290794;7,685686
-0,03021034;7,704739;-0,02176967;7,695445
-0,0393109;7,704367;-0,03076066;7,700018
-0,04686917;7,698411;-0,03901369;7,699195
-0,05365248;7,68335;-0,04651197;7,691079
-0,05508612;7,66648;-0,0509054;7,678474
-0,05494248;7,655639;-0,05297288;7,66678
-0,05279781;7,6549;-0,0528832;7,660695
-0,04938844;7,666411;-0,05109334;7,663622
-0,03932045;7,682941;-0,04506231;7,673519
-0,02963321;7,706932;-0,03716151;7,690629
-0,01794443;7,723801;-0,02731695;7,707623
-0,008171849;7,728431;-0,0174883;7,718305
-0,001362869;7,728065;-0,009237772;7,723299
0,002409404;7,718063;-0,003273852;7,720618
0,006123084;7,699599;0,001563461;7,709798
0,008228315;7,673996;0,004966622;7,691517
0,01005528;7,656419;0,007572091;7,673547
0,009761615;7,651252;0,00869389;7,662124
0,008647588;7,659704;0,008670184;7,660885
0,003442251;7,679384;0,005983741;7,670391
-0,003057866;7,693927;0,001366566;7,68241
-0,008417116;7,712145;-0,003645774;7,697644
-0,01456381;7,715937;-0,009233292;7,707006
-0,01949007;7,712132;-0,01448623;7,709631
-0,02308678;7,702407;-0,01888656;7,705935
-0,02567867;7,688538;-0,02236362;7,697029
-0,02564264;7,671192;-0,02404257;7,6838
-0,02461942;7,666521;-0,02433786;7,674955
-0,02144522;7,673676;-0,02285667;7,6743
-0,01588166;7,688552;-0,01926578;7,681637
-0,005618355;7,707796;-0,01229898;7,694991
0,004943071;7,723077;-0,00346527;7,709381
0,01248413;7,7314;0,004697838;7,72065
0,01789412;7,732159;0,01145167;7,72654
0,02195739;7,723081;0,0168471;7,724763
0,02270571;7,707335;0,01984247;7,715852
0,02467842;7,687213;0,0223194;7,701184
0,0271693;7,669846;0,02480255;7,685139
0,02928278;7,666769;0,02709747;7,675729
0,02897396;7,670776;0,02806051;7,673187
0,02652378;7,689614;0,02727441;7,68159
0,01891657;7,702379;0,02299533;7,692234
0,01094644;7,725379;0,01682374;7,709211
0,005584182;7,733962;0,01106756;7,721887
-0,0001292187;7,732035;0,005331577;7,727086
-0,004721021;7,724931;0,0001825113;7,725982
-0,01019613;7,712891;-0,005131934;7,719279
-0,01708753;7,682742;-0,01125398;7,70057
-0,02244243;7,666409;-0,01700168;7,683021
-0,02419539;7,660178;-0,02068225;7,671334
-0,02477275;7,669328;-0,02277787;7,670306
-0,02123053;7,685462;-0,02198522;7,67807
-0,01611891;7,698914;-0,0189803;7,688746
-0,007825166;7,717252;-0,01326071;7,703362
-0,002740145;7,727425;-0,007877802;7,715674
0,000676365;7,725286;-0,00349691;7,720597
0,003384262;7,716121;2,729706E-05;7,718304
0,005566942;7,703568;0,002864393;7,710757
0,008221135;7,671513;0,005608203;7,690656
0,00861448;7,650029;0,007147626;7,669852
0,006856712;7,646497;0,006998608;7,657888
0,0009637882;7,663833;0,003906017;7,660935
-0,008380768;7,681328;-0,002386323;7,671379
-0,01715634;7,696078;-0,009951349;7,68403
-0,02570567;7,703995;-0,01802176;7,694257
-0,03390472;7,7019;-0,02615783;7,698172
-0,0419692;7,693486;-0,03425716;7,695772
-0,0489301;7,673993;-0,04177201;7,684618
-0,05265381;7,650513;-0,04734729;7,667144
-0,0564076;7,633638;-0,05198871;7,64998
-0,05559905;7,629312;-0,05383814;7,639392
-0,05256245;7,637744;-0,05318464;7,638548
-0,04636615;7,652799;-0,04969238;7,645847
-0,04143654;7,67122;-0,0454624;7,658847
-0,02902167;7,688266;-0,03704614;7,673907
-0,01833325;7,696727;-0,0274629;7,685594
-0,01037826;7,696306;-0,0187138;7,69108
-0,004298201;7,686944;-0,01133183;7,688962
-8,631837E-05;7,67085;-0,005569234;7,679681
0,004066784;7,645659;-0,0006352151;7,662261
0,005967094;7,630952;0,002745687;7,646228
0,006344489;7,627036;0,00458881;7,636399
0,004875456;7,633207;0,004735637;7,634764
-0,001793817;7,650107;0,001391482;7,642622
-0,01007589;7,668045;-0,004478992;7,655637
-0,01599292;7,685257;-0,0103758;7,670807
-0,02068262;7,69211;-0,01565604;7,681721
-0,02437504;7,688852;-0,02011976;7,685372
-0,02563186;7,679163;-0,02294327;7,682192
-0,02358277;7,661268;-0,02327076;7,671477
-0,02220291;7,644581;-0,0227235;7,657693
-0,01620344;7,632412;-0,01938609;7,644753
-0,009585654;7,632042;-0,01436692;7,638243
-0,0005910671;7,643472;-0,007312726;7,64092
0,01056597;7,658685;0,001842681;7,650017
0,02124578;7,674636;0,01177859;7,662624
0,03114202;7,686457;0,02169737;7,674832
0,03898681;7,687504;0,03055321;7,681323
0,045739;7,681966;0,03833846;7,681653
0,04761028;7,668365;0,0430855;7,67485
0,04895157;7,648422;0,04609043;7,661312
0,05106384;7,630927;0,0486376;7,64575
0,0511092;7,623854;0,04990412;7,63453
0,04861559;7,626673;0,04924392;7,630505
0,0414435;7,640576;0,04524997;7,635661
0,03102707;7,651872;0,03796255;7,643967
0,01899721;7,676688;0,02825107;7,660722
0,0108389;7,686852;0,01933098;7,674108
0,00167634;7,689052;0,01028758;7,681763
-0,006416028;7,681388;0,001730385;7,681571
-0,01364916;7,665796;-0,006152875;7,673485
-0,01910936;7,64976;-0,01279007;7,661332
-0,02223557;7,63743;-0,01762816;7,649089
-0,02364132;7,636665;-0,0207086;7,642724
-0,02414211;7,647254;-0,02246733;7,645044
-0,01995511;7,663205;-0,02118008;7,65435
-0,01598422;7,685184;-0,01851894;7,670142
-0,003374671;7,699245;-0,01076158;7,68505
0,006347748;7,705589;-0,00199638;7,695572
0,01516065;7,704181;0,00679017;7,699981
0,02150474;7,693042;0,0143274;7,696426
0,02397786;7,674936;0,01927028;7,68542
0,02755675;7,653257;0,0235152;7,668943
0,0297447;7,638855;0,02670753;7,653525
0,03013318;7,636883;0,02846228;7,645
0,02461682;7,644063;0,02649239;7,64452
0,01606098;7,660189;0,02115072;7,652544
0,005628634;7,67773;0,01320181;7,665442
-0,005469206;7,698142;0,003636988;7,682193
-0,01452021;7,705582;-0,005664608;7,694175
-0,0247654;7,705553;-0,01544868;7,700003
-0,0341558;7,697804;-0,02503214;7,698876
-0,04256868;7,680362;-0,03401718;7,68939
-0,04842338;7,665758;-0,04139736;7,677283
-0,05018319;7,654671;-0,0458982;7,665699
-0,04925013;7,656064;-0,04761601;7,660761
-0,04714777;7,667773;-0,0473762;7,664352
-0,04137098;7,684931;-0,04429958;7,674895
-0,03377625;7,702259;-0,03891195;7,688905
-0,02542568;7,71356;-0,03200263;7,701536
-0,02010591;7,717817;-0,02590977;7,709874
-0,01595929;7,714174;-0,02081461;7,712076
-0,01600873;7,700721;-0,01835342;7,706261
-0,01731392;7,684461;-0,01782096;7,695094
-0,01779052;7,663612;-0,01780537;7,67897
-0,01746426;7,650896;-0,01763067;7,664591
-0,01907682;7,650046;-0,01837151;7,65714
-0,02587323;7,658248;-0,02221346;7,657708
-0,03386162;7,672085;-0,02818038;7,665073
-0,04429949;7,690395;-0,03643577;7,678042
-0,0536493;7,707033;-0,0452508;7,692888
-0,06047611;7,71049;-0,05305041;7,701905
-0,06911947;7,708351;-0,06128291;7,705207
-0,07596544;7,698295;-0,0688041;7,701666
-0,08409987;7,685679;-0,0766398;7,693476
-0,08713437;7,66399;-0,08201706;7,678368
-0,08859242;7,657764;-0,08538549;7,667813
-0,09039157;7,663036;-0,08795135;7,665365
-0,08931213;7,680309;-0,08864821;7,673018
-0,08381986;7,684666;-0,08569443;7,680144
-0,07918156;7,713452;-0,08235794;7,697207
-0,06849661;7,7222;-0,07525619;7,710012
-0,05999231;7,721382;-0,06743699;7,715837
-0,05662147;7,712922;-0,06189709;7,714344
-0,05551491;7,695354;-0,05862815;7,704618
-0,05346322;7,673676;-0,05598257;7,688768
-0,05020278;7,657442;-0,05302205;7,672722
-0,04995625;7,654183;-0,05145149;7,663225
-0,05149806;7,660424;-0,05147534;7,66179
-0,0565255;7,676665;-0,05406188;7,669409
-0,06406797;7,686976;-0,05918648;7,678406
-0,07353114;7,710445;-0,06653514;7,694819
-0,0783916;7,716178;-0,07260817;7,70576
-0,08440254;7,715433;-0,07865074;7,710716
-0,09038368;7,707567;-0,08466069;7,709103
-0,09572754;7,690947;-0,09032954;7,699803
-0,0972268;7,673311;-0,09386279;7,686232
-0,0979671;7,659776;-0,09596495;7,672682
-0,0947799;7,669196;-0,09535796;7,670896
-0,08881781;7,684038;-0,09200891;7,677626
-0,08680847;7,705338;-0,08934534;7,691819
-0,06898379;7,717885;-0,07891683;7,705169
-0,05844555;7,721962;-0,06843177;7,71377
-0,05083231;7,717935;-0,05941741;7,715904
-0,04526866;7,704895;-0,05217089;7,710266
-0,04008019;7,689779;-0,04597886;7,699774
-0,03357487;7,667858;-0,03962618;7,683428
-0,03110569;7,657727;-0,0352623;7,670265
-0,03119928;7,657637;-0,03318115;7,663796
-0,03476765;7,671106;-0,03399528;7,667548
-0,03942938;7,689065;-0,03677815;7,678567
-0,05175856;7,705638;-0,04446119;7,692451
-0,05898529;7,717867;-0,05189737;7,705464
-0,06610687;7,720021;-0,0591747;7,712919
-0,07188845;7,713778;-0,06568521;7,713359
-0,07542714;7,698299;-0,07067375;7,705647
-0,07386775;7,679491;-0,07230929;7,692254
-0,07151135;7,661394;-0,07190072;7,676453
-0,06496093;7,651073;-0,06834729;7,663457
-0,06181912;7,657854;-0,06500398;7,660588
-0,05438093;7,676031;-0,05956361;7,668497
-0,04691916;7,692034;-0,05308949;7,680548
-0,03689578;7,713268;-0,0447972;7,697303
-0,02948866;7,721857;-0,03695714;7,709878
-0,02497846;7,72331;-0,03082221;7,716757
-0,02411202;7,717419;-0,02738579;7,717096
-0,02669724;7,702656;-0,0270332;7,709702
-0,02816907;7,683997;-0,02761482;7,696539
-0,02985123;7,668876;-0,02876017;7,682372
-0,0338171;7,665381;-0,03135313;7,67366
-0,04118737;7,671736;-0,03639017;7,672675
-0,05035044;7,688378;-0,04354626;7,680724
-0,0614285;7,703174;-0,05270531;7,692223
-0,07133944;7,720718;-0,06225283;7,706823
-0,07820078;7,724673;-0,07042395;7,715969
-0,08683111;7,721985;-0,07882936;7,719051
-0,09435976;7,711946;-0,08678524;7,715412
-0,09822943;7,691743;-0,09264848;7,703285
-0,1051855;7,674095;-0,09907024;7,688334
-0,1066306;7,664402;-0,1029437;7,676073
-0,1095096;7,66536;-0,1063075;7,670585
-0,1090524;7,681082;-0,1077137;7,675962
-0,1047148;7,694424;-0,1061771;7,685421
-0,1013396;7,71669;-0,1036992;7,701438
-0,0955608;7,731297;-0,09953023;7,716733
-0,08993246;7,732887;-0,09461395;7,725008
-0,08523756;7,727649;-0,08981083;7,726361
-0,08202004;7,713196;-0,08582056;7,719618
-0,07823662;7,688305;-0,08193614;7,70358
-0,07571146;7,660997;-0,07874773;7,681768
-0,07313908;7,648351;-0,07587452;7,664649
-0,07211688;7,646879;-0,07394956;7,655546
-0,07507216;7,657485;-0,07452469;7,656539
-0,08250117;7,677145;-0,07861087;7,667095
-0,08779941;7,691793;-0,08331662;7,679744
-0,09405863;7,709078;-0,08881812;7,694767
-0,09792032;7,709433;-0,09348019;7,702279
-0,1065645;7,706352;-0,1001824;7,704365
-0,1125532;7,694138;-0,1065182;7,699127
-0,1172306;7,675511;-0,1120048;7,687031
-0,1183705;7,661896;-0,1152652;7,674157
-0,1158382;7,659283;-0,1155586;7,66654
-0,1127082;7,666171;-0,1140986;7,666351
-0,1041883;7,681044;-0,1080379;7,675336
-0,0963429;7,7008;-0,10205;7,688374
-0,08175842;7,717299;-0,09166006;7,703185
-0,06802057;7,725992;-0,0795524;7,714866
-0,05878882;7,726075;-0,06891868;7,720606
-0,05077854;7,717552;-0,0596255;7,719041
-0,04283556;7,702243;-0,05102596;7,710438
-0,03556685;7,678842;-0,04310995;7,694259
-0,02807296;7,664405;-0,03540793;7,678967
-0,02520913;7,66157;-0,0301831;7,670055
-0,02521906;7,671534;-0,02764054;7,670812
-0,02741555;7,691082;-0,02752533;7,681192
-0,03125058;7,709671;-0,02943344;7,695779
-0,03736912;7,722234;-0,03349757;7,709328
-0,04136882;7,723139;-0,03752839;7,7164
-0,04524812;7,717274;-0,04148154;7,716848
-0,04886848;7,705404;-0,04526446;7,710987
-0,05165247;7,692731;-0,04853589;7,701638
-0,05205964;7,673644;-0,05034197;7,687289
-0,04917981;7,669506;-0,04974619;7,678173
-0,04404065;7,672993;-0,04682432;7,67552
-0,0355363;7,689044;-0,04104428;7,682445
-0,01862611;7,707301;-0,02957083;7,695166
-0,003949348;7,722558;-0,01645047;7,709193
0,008295857;7,729858;-0,003775128;7,719778
0,01886552;7,730818;0,007818397;7,725431
0,02875081;7,725368;0,01853669;7,725399
0,03589051;7,707505;0,02742753;7,716231
0,04053443;7,688727;0,03413965;7,702146
0,04428226;7,672261;0,03933399;7,686841
0,04468666;7,67016;0,04207537;7,678298
0,04326533;7,677634;0,04268494;7,677958
0,03405495;7,695165;0,03826763;7,686765
0,02369309;7,712877;0,03080612;7,700133
0,01375686;7,727815;0,02207704;7,714306
0,004156317;7,730333;0,01289888;7,722515
-0,003677441;7,727843;0,004410972;7,725243
-0,01201729;7,717211;-0,004002161;7,72113
-0,01800836;7,700797;-0,01117905;7,710711
-0,02162999;7,678903;-0,0165358;7,694407
-0,02410661;7,667903;-0,02041535;7,680826
-0,02358783;7,667792;-0,02203996;7,674151
-0,01903254;7,680963;-0,02049956;7,67764
-0,01366486;7,697451;-0,01699921;7,687786
-0,0009291493;7,716229;-0,008769505;7,702352
0,00911808;7,728509;0,0003924537;7,71575
0,01702344;7,731875;0,008909977;7,724008
0,02340684;7,726713;0,01633475;7,725394
0,02506821;7,712072;0,02080819;7,71857
0,0258041;7,691083;0,02336645;7,704495
0,02412525;7,672076;0,02375515;7,687888
0,02340249;7,661701;0,02357456;7,674478
0,01854676;7,659557;0,02100035;7,666839
0,01026783;7,673061;0,01550299;7,670026
-0,00123955;7,691371;0,006928521;7,680958
-0,01347276;7,708321;-0,003515452;7,694966
-0,02520955;7,722909;-0,01462404;7,709274
-0,0360518;7,724072;-0,02559831;7,716853
-0,04582382;7,721162;-0,03595917;7,71906
-0,05581637;7,709579;-0,04612879;7,714205
-0,05988475;7,692063;-0,05317379;7,702865
-0,06392811;7,67344;-0,05868145;7,687796
-0,06388567;7,66545;-0,06134665;7,676352
-0,0621844;7,666598;-0,06177575;7,671356
-0,0563942;7,681489;-0,05901809;7,676549
-0,04892748;7,704472;-0,05385183;7,690845
-0,03466025;7,721342;-0,04402337;7,706463
-0,02335227;7,732516;-0,03343534;7,719808
-0,01460815;7,736203;-0,02379222;7,728206
-0,006915211;7,73133;-0,01514796;7,729806
-0,001616736;7,719626;-0,008215367;7,724591
0,003586217;7,69436;-0,002171515;7,709109
0,007066641;7,67208;0,00256116;7,690139
0,008724773;7,662317;0,005719652;7,675882
0,007605362;7,663672;0,006685632;7,669628
0,003249593;7,67669;0,00492576;7,673245
-0,005547228;7,695257;-0,0004365081;7,684515
-0,018458;7,711871;-0,009664427;7,698523
-0,02843623;7,721941;-0,01927891;7,710517
-0,03715219;7,721727;-0,0284312;7,716258
-0,04474638;7,714555;-0,03678571;7,715385
-0,05109217;7,700658;-0,04411153;7,707844
-0,05276924;7,680974;-0,04854484;7,694085
-0,05280043;7,669417;-0,05072478;7,681448
-0,04932768;7,666403;-0,05000907;7,673741
-0,04505261;7,676254;-0,04747088;7,675028
-0,03245737;7,694938;-0,03978164;7,685225
-0,01761273;7,711659;-0,02842828;7,698763
-0,005020071;7,726025;-0,01636664;7,712811
0,005083939;7,729464;-0,00540975;7,721317
0,0140375;7,725812;0,004549149;7,723619
0,01879804;7,718333;0,01184623;7,720912
0,02365389;7,696176;0,01789086;7,708249
0,02729717;7,673764;0,022709;7,690585
0,03100614;7,653013;0,02695628;7,671352
0,03007254;7,652435;0,02855265;7,661662
0,02845666;7,662396;0,02850351;7,662037
0,02448085;7,682679;0,02644343;7,672608
0,01385775;7,699291;0,02000147;7,686266
0,00844404;7,71794;0,0140816;7,70249
0,001188292;7,720868;0,007479215;7,711901
-0,006174604;7,715545;0,0004881616;7,713767
-0,01214674;7,710805;-0,005977835;7,712251
-0,01423505;7,692285;-0,01021226;7,702012
-0,01494668;7,67327;-0,01263385;7,687311
-0,01284435;7,661906;-0,01274161;7,674305
-0,008128218;7,665248;-0,01037984;7,669669
-0,00124746;7,6773;-0,005679138;7,673597
0,0104601;7,6926;0,002585286;7,683328
0,02106104;7,711105;0,01203091;7,697529
0,02857221;7,722315;0,02050414;7,710226
0,03451907;7,722873;0,02767555;7,716697
0,0404327;7,71694;0,03420876;7,716822
0,04458782;7,703758;0,03952535;7,71013
0,0476743;7,685559;0,0436974;7,697551
0,04874514;7,667543;0,04628253;7,682183
0,04838843;7,663414;0,0473616;7,672565
0,04313749;7,668225;0,04519919;7,670343
0,03607035;7,688455;0,0405269;7,679613
0,0235253;7,699833;0,03181487;7,689974
0,01337366;7,719815;0,02237246;7,705254
0,004962706;7,726103;0,01345479;7,715933
-0,001269707;7,724805;0,00591656;7,720475
-0,006616747;7,718091;-0,0005076276;7,719253
-0,00920997;7,705466;-0,004961752;7,712196
-0,01150633;7,683908;-0,008312534;7,697712
-0,009975856;7,672884;-0,009164689;7,684992
-0,007778449;7,672183;-0,008452364;7,67841
-0,0019972;7,685312;-0,005153325;7,681938
0,005286017;7,700512;0,0001901374;7,691445
0,01494924;7,720509;0,007747542;7,706327
0,02569943;7,732478;0,01693952;7,719717
0,03315458;7,735322;0,02524548;7,727711
0,04168738;7,732077;0,03366822;7,729948
0,05047851;7,721709;0,04227375;7,72573
0,0587956;7,707129;0,05073486;7,716204
0,06115541;7,678085;0,05607276;7,696677
0,06282374;7,667392;0,05952899;7,681684
0,06172326;7,668186;0,06065292;7,67477
0,05034631;7,698943;0,05537565;7,687147
0,04052599;7,713962;0,04777412;7,700874
0,03230911;7,725137;0,03984983;7,713306
0,02586289;7,723138;0,03269175;7,718338
0,01950593;7,71737;0,02593762;7,717842
0,01524242;7,704131;0,0204612;7,710822
0,01150725;7,678881;0,01587642;7,694467
0,008690853;7,66231;0,01219265;7,677981
0,007767548;7,654123;0,009926207;7,665761
0,01036124;7,66176;0,01014898;7,663713
0,01537664;7,677631;0,01282673;7,670842
0,02214233;7,698029;0,01759869;7,684768
0,02956409;7,720528;0,02372651;7,703082
0,03477087;7,735003;0,02938311;7,719431
0,03875532;7,738635;0,03418647;7,729273
0,04181484;7,735492;0,03809297;7,732458
0,0442891;7,725388;0,04126595;7,728837
0,0446453;7,710611;0,04333286;7,71769
0,04521082;7,684938;0,04429459;7,700917
0,04418999;7,677233;0,04424102;7,688788
0,03968368;7,680011;0,04190674;7,684293
0,03208495;7,697462;0,03687849;7,691035
0,0199455;7,713152;0,02820638;7,702362
0,009191418;7,732091;0,01846981;7,717585
-0,000523238;7,742335;0,00874551;7,730257
-0,009335051;7,742683;-0,0005141012;7,736621
-0,01736358;7,738431;-0,009143244;7,737548
-0,02494356;7,723473;-0,01723796;7,730337
-0,03022883;7,701713;-0,02389065;7,715679
-0,03088575;7,684299;-0,02747336;7,699607
-0,02924933;7,676304;-0,02838303;7,687671
-0,02532249;7,681083;-0,02681556;7,684297
-0,01834815;7,697514;-0,02248002;7,691064
-0,009188722;7,712002;-0,01567595;7,701783
0,004253626;7,730467;-0,005467485;7,716476
0,01378063;7,738897;0,004388178;7,727956
0,02214399;7,737998;0,01348018;7,733099
0,0281708;7,730454;0,02100089;7,731745
0,03314685;7,72068;0,0272222;7,726077
0,03705538;7,686481;0,03225783;7,7058
0,03963739;7,668053;0,03603898;7,686459
0,04039885;7,660425;0,03827202;7,673125
0,03959781;7,663677;0,03895115;7,668285
0,03608663;7,678746;0,0374839;7,673643
0,03202662;7,696462;0,03468967;7,685327
0,02327319;7,707841;0,0288424;7,696858
0,01153304;7,713372;0,01997912;7,705314
0,002009913;7,714572;0,01077477;7,710056
-0,005933428;7,705392;0,002213306;7,707666
-0,01146876;7,683232;-0,004794526;7,695151
-0,01506315;7,661326;-0,01006555;7,677789
-0,01777912;7,644944;-0,01401332;7,660979
-0,0178182;7,639871;-0,01596199;7,650168
-0,01543803;7,649152;-0,01569358;7,649648
-0,01183783;7,664101;-0,01371871;7,65705
-0,008966415;7,677015;-0,01128497;7,667274
-0,005396257;7,693009;-0,008269961;7,68045
-0,004012396;7,69521;-0,006090103;7,688007
-0,006497327;7,691397;-0,006298657;7,689744
-0,01193729;7,67941;-0,009185084;7,684454
-0,01752735;7,653413;-0,01345768;7,668556
-0,02591025;7,629086;-0,01983374;7,648346
-0,03229534;7,620348;-0,02621578;7,634007
-0,04114576;7,621852;-0,03386423;7,62778
-0,0566045;7,631567;-0,04550966;7,62972
-0,06450819;7,650031;-0,05524062;7,640123
-0,08032814;7,661215;-0,06808514;7,650922
-0,08786053;7,668822;-0,07821481;7,660091
-0,09877267;7,663909;-0,08874384;7,662046
-0,110246;7,654655;-0,09975795;7,65826
-0,1165599;7,639108;-0,108375;7,648438
-0,1224014;7,624848;-0,1155575;7,636358
-0,1233472;7,617504;-0,1195486;7,626698
-0,1232899;7,619683;-0,1214647;7,623106
-0,1189069;7,63256;-0,1201546;7,627948
-0,1133902;7,652352;-0,1166891;7,64045
-0,1064247;7,674546;-0,1114325;7,657911
-0,09402362;7,691156;-0,1025152;7,67494
-0,0836196;7,695067;-0,09283205;7,685254
-0,0728682;7,694942;-0,08260642;7,690216
-0,06489674;7,683939;-0,07353325;7,687
-0,05592514;7,660738;-0,0645116;7,673544
-0,05327772;7,636689;-0,05875699;7,654665
-0,05324778;7,63482;-0,0559334;7,644494
-0,06003721;7,649261;-0,05803569;7,646936
-0,06925859;7,668398;-0,06378829;7,657938
-0,08107459;7,687397;-0,07264128;7,673025
-0,09125654;7,702694;-0,08218101;7,688229
-0,09755252;7,703455;-0,09005488;7,696029
-0,1055153;7,701348;-0,09797526;7,698754
-0,1068046;7,688797;-0,1024977;7,693654
-0,108604;7,673856;-0,1056257;7,683512
-0,1108263;7,656295;-0,1082902;7,669567
-0,106541;7,650048;-0,1073944;7,659571
-0,1027201;7,652517;-0,1050009;7,655959
-0,09486445;7,667217;-0,09980923;7,661725
-0,08281212;7,685448;-0,09110401;7,673875
-0,06768993;7,70584;-0,07911739;7,690239
-0,05306241;7,719382;-0,06576559;7,705173
-0,04102768;7,721038;-0,05309061;7,713302
-0,0300253;7,716131;-0,041281;7,714751
-0,02022176;7,701794;-0,03049336;7,708114
-0,01233587;7,679048;-0,02119439;7,693228
-0,00401508;7,654873;-0,01239448;7,673582
0,004431639;7,646498;-0,003771682;7,659702
0,008855495;7,649698;0,002697766;7,654577
0,01152956;7,66116;0,007221343;7,657949
0,01164796;7,679079;0,009488157;7,668769
0,01040997;7,694056;0,009960309;7,681721
0,007487714;7,704086;0,008693447;7,69318
0,005127999;7,703002;0,006867727;7,69821
0,003157447;7,69209;0,004967892;7,695076
0,0003282461;7,676659;0,002591615;7,685643
-0,001064663;7,661846;0,0007190254;7,673455
0,0005537975;7,654415;0,0006344109;7,663704
0,001992471;7,659277;0,001329877;7,661437
0,007091076;7,676206;0,004280934;7,669002
0,02075773;7,695096;0,01271757;7,682363
0,0347065;7,714576;0,02398468;7,698869
0,04398711;7,722499;0,03423951;7,710984
0,05000303;7,72117;0,04231006;7,716199
0,05622226;7,716664;0,04943541;7,716437
0,05786467;7,70206;0,05375252;7,709074
0,06027518;7,68598;0,05709298;7,697247
0,06117524;7,667861;0,05918447;7,682191
0,05725055;7,660738;0,05819398;7,671203
0,05182736;7,662905;0,05493313;7,666953
0,03995433;7,676118;0,04726139;7,671647
0,02637466;7,692867;0,0365664;7,682513
0,01302867;7,708014;0,02450692;7,695578
0,000262688;7,716535;0,01208945;7,706312
-0,01268126;7,715492;-0,0005978728;7,711014
-0,02304713;7,711245;-0,01209972;7,711132
-0,03022417;7,69516;-0,02138411;7,70295
-0,0357874;7,677521;-0,02876355;7,689922
-0,03912737;7,6682;-0,03407224;7,678795
-0,03945647;7,669399;-0,03683044;7,673982
-0,03593242;7,68296;-0,0363705;7,67858
-0,02955546;7,698585;-0,03288002;7,688826
-0,02306053;7,722429;-0,02784986;7,706039
-0,01159921;7,734113;-0,01952743;7,720417
-0,00296374;7,734371;-0,01104397;7,727564
0,00361624;7,732055;-0,00353466;7,729865
0,00964691;7,718172;0,003215703;7,723876
0,01238709;7,700469;0,007915581;7,711882
0,01447164;7,675324;0,01127301;7,69316
0,01616936;7,662765;0,01378196;7,677585
0,01663279;7,662225;0,0152423;7,669717
0,01458176;7,674075;0,01490393;7,671949
0,006290308;7,692738;0,01049243;7,682596
-0,003163812;7,709236;0,003499897;7,696237
-0,01144249;7,722165;-0,004151409;7,709514
-0,01838966;7,724051;-0,01144751;7,716963
-0,02551671;7,722309;-0,01865271;7,7197
-0,0302877;7,710994;-0,02461144;7,715241
-0,0349641;7,689323;-0,02991333;7,701968
-0,03565435;7,673022;-0,0328554;7,687134
-0,03398506;7,666364;-0,03343375;7,676501
-0,03126856;7,670449;-0,03232454;7,6734
-0,02741747;7,687447;-0,02981281;7,68059
-0,01669453;7,70433;-0,02309522;7,692747
-0,00488394;7,724744;-0,01377268;7,709127
0,004625165;7,737894;-0,004348077;7,723864
0,01188032;7,737382;0,003963233;7,730787
0,01774506;7,732112;0,01102143;7,731466
0,02255505;7,714722;0,01692816;7,722891
0,025597;7,689133;0,02136837;7,7056
0,02618017;7,670847;0,0238326;7,687802
0,02682881;7,662471;0,0253671;7,674829
0,02530459;7,663383;0,02533509;7,668967
0,01861706;7,680382;0,02189459;7,674813
0,009079399;7,700404;0,01533533;7,687912
-0,0007892769;7,717167;0,007075558;7,702898
-0,009311988;7,724002;-0,001320311;7,71371
-0,01936355;7,724194;-0,0105557;7,719076
-0,029914;7,718895;-0,02047105;7,718984
-0,03807403;7,708115;-0,02949085;7,713414
-0,04406917;7,682635;-0,03695635;7,697652
-0,04840927;7,664478;-0,04282499;7,680653
-0,04887564;7,660755;-0,04592342;7,670464
-0,04667205;7,666502;-0,04630682;7,668435
-0,0412518;7,682986;-0,04371785;7,675887
-0,03439696;7,694684;-0,03894522;7,685512
-0,02350414;7,717965;-0,03103941;7,702128
-0,0153775;7,725916;-0,02301925;7,714309
-0,008732758;7,726026;-0,01570353;7,720309
-0,004700644;7,720578;-0,01006843;7,720447
-0,0002864372;7,707057;-0,005058876;7,713589
0,003232858;7,672541;-0,0008136467;7,692573
0,003048922;7,653993;0,001164484;7,672815
0,003877054;7,647438;0,002554139;7,659814
0,0001792083;7,653906;0,001338056;7,656789
-0,007455952;7,670068;-0,003165539;7,663589
-0,01674582;7,683065;-0,01011893;7,673562
-0,02597652;7,702672;-0,01823831;7,688467
-0,03467164;7,707329;-0,02665242;7,698124
-0,04487939;7,706521;-0,03599011;7,702426
-0,05556057;7,699367;-0,04601019;7,70086
-0,06237969;7,678833;-0,05439515;7,689577
-0,0678369;7,657635;-0,06128038;7,673215
-0,07079369;7,64344;-0,06615257;7,657966
-0,07025814;7,6422;-0,06825603;7,649889
-0,06856676;7,651532;-0,06841519;7,650731
-0,06238814;7,668064;-0,06532848;7,659607
-0,05851464;7,686073;-0,06183876;7,673162
-0,04671351;7,701663;-0,05409273;7,687758
-0,03807509;7,704958;-0,04588866;7,696568
-0,03401766;7,703273;-0,0398077;7,700003
-0,0297943;7,691043;-0,03467998;7,695415
-0,026462;7,671789;-0,03044805;7,683248
-0,0245241;7,646323;-0,02742179;7,664385
-0,02335638;7,631822;-0,02534068;7,647716
-0,02408847;7,629757;-0,0246995;7,63852
-0,0285443;7,640573;-0,0266691;7,639572
-0,03853822;7,659803;-0,03274261;7,649924
-0,04819637;7,680475;-0,04065393;7,665565
-0,05689398;7,695484;-0,04896906;7,680884
-0,06605216;7,699378;-0,05771562;7,690352
-0,07202049;7,696602;-0,06504067;7,693552
-0,08033416;7,687765;-0,07287227;7,690588
-0,08801441;7,668571;-0,08062711;7,679312
-0,09177475;7,649594;-0,08633351;7,6641
-0,09200472;7,638121;-0,08923765;7,650796
-0,09063887;7,640166;-0,08995514;7,645353
-0,08486884;7,650897;-0,0873507;7,648192
-0,07715709;7,667628;-0,08213239;7,658142
-0,06687002;7,691826;-0,07431603;7,675393
-0,05633194;7,705699;-0,065107;7,690911
-0,04704392;7,710194;-0,05585473;7,700788
-0,04130425;7,70666;-0,0484025;7,703795
-0,03857621;7,694817;-0,04335169;7,69918
-0,03616934;7,665859;-0,03967981;7,682145
-0,04328978;7,643613;-0,04152874;7,66241
-0,05142501;7,629101;-0,04659748;7,64535
-0,06233093;7,62906;-0,05465651;7,637006
-0,07932599;7,64142;-0,06729207;7,639266
-0,09582395;7,658984;-0,0819048;7,649365
-0,1154989;7,671309;-0,09911182;7,660605
-0,12623;7,67361;-0,1130052;7,667268
-0,13813;7,668;-0,1258765;7,667643
-0,1502913;7,657024;-0,1383866;7,662201
-0,1603441;7,640032;-0,1496348;7,650845
-0,1619691;7,619809;-0,1559562;7,634939
-0,1637672;7,606696;-0,1599565;7,620475
-0,1601684;7,605887;-0,1600655;7,612973
-0,1577352;7,61489;-0,1588712;7,613955
-0,1512442;7,630427;-0,15497;7,62238
-0,1391525;7,649574;-0,1468651;7,636314
-0,1306145;7,668313;-0,1385465;7,652694
-0,120008;7,676175;-0,1290567;7,664714
-0,1096946;7,67634;-0,1191399;7,670668
-0,1069582;7,668319;-0,1129027;7,669465
-0,09740829;7,648142;-0,1049713;7,65855
-0,091411;7,624502;-0,09802895;7,641119
-0,0896093;7,605585;-0,09371659;7,622919
-0,08735834;7,602503;-0,09045993;7,612462
-0,09009188;7,615382;-0,09027145;7,613957
-0,1028646;7,629668;-0,09671678;7,621998
-0,1086609;7,656218;-0,1028313;7,639516
-0,1164144;7,668215;-0,1097878;7,654214
-0,1245585;7,670696;-0,1173505;7,662652
-0,1315608;7,66668;-0,1246275;7,664715
-0,1353778;7,651536;-0,1301318;7,657968
-0,1407122;7,632318;-0,1355475;7,644838
-0,1465541;7,618587;-0,1411905;7,63138
-0,1435685;7,613295;-0,1424094;7,62211
-0,1406106;7,620729;-0,1414885;7,621403
-0,1341325;7,635561;-0,1377186;7,628659
-0,1272065;7,653155;-0,1323372;7,641199
-0,1172137;7,672572;-0,12459;7,65727
-0,1059948;7,682411;-0,1150692;7,670143
-0,09829019;7,683313;-0,106475;7,676888
-0,09321607;7,676785;-0,09968471;7,676835
-0,09166745;7,665281;-0,09557865;7,670918
-0,08467939;7,636255;-0,08999702;7,653166
-0,0836231;7,61396;-0,08673223;7,633085
-0,083344;7,604583;-0,08499653;7,618484
-0,0863528;7,607598;-0,08569102;7,61291
-0,09356926;7,625183;-0,08972527;7,619195
-0,1045885;7,643445;-0,09733667;7,631613
-0,1155366;7,66197;-0,1066549;7,647156
-0,1250723;7,673216;-0,116091;7,660508
-0,1340858;7,670083;-0,1253039;7,66541
-0,1448382;7,662446;-0,1353096;7,663892
-0,1531657;7,647254;-0,1444536;7,655372
-0,1584857;7,633054;-0,1516394;7,643943
-0,1630183;7,622133;-0,1574684;7,632771
-0,15795;7,618968;-0,157715;7,625703
-0,1536548;7,631009;-0,1556357;7,62842
-0,1468463;7,640885;-0,1511328;7,634806
-0,1449473;7,666084;-0,1479658;7,65082
-0,1297739;7,683846;-0,1386505;7,667732
-0,1192295;7,689498;-0,128705;7,678878
-0,1135066;7,687903;-0,12092;7,683501
-0,1114339;7,680871;-0,1160618;7,682155
-0,1080454;7,662352;-0,1119566;7,672014
-0,1037389;7,641406;-0,1077479;7,656338
-0,0982896;7,628186;-0,1029043;7,641921
-0,09785869;7,62446;-0,10032;7,632978
-0,0994815;7,63258;-0,09989014;7,632774
-0,1068449;7,652919;-0,1034491;7,643083
-0,1162701;7,670858;-0,1100149;7,657307
-0,124939;7,687658;-0,1176604;7,672855
-0,1301858;7,691908;-0,1240751;7,682613
-0,1417412;7,689522;-0,1331222;7,686152
-0,1453225;7,679331;-0,1393699;7,682659
-0,1541404;7,66278;-0,1469357;7,672476
-0,1552152;7,647203;-0,1511762;7,659532
-0,149987;7,638993;-0,1505669;7,649008
-0,1466302;7,642799;-0,1485512;7,645829
-0,1400724;7,655102;-0,1442091;7,650578
-0,1284491;7,669576;-0,1361392;7,660306
-0,1134514;7,691068;-0,1245204;7,67606
-0,1019085;7,703811;-0,1129336;7,69028
-0,09229527;7,707002;-0,1023638;7,698844
-0,08596123;7,703665;-0,09395961;7,701314
-0,08106446;7,693652;-0,08735574;7,69739
-0,07422662;7,671531;-0,08063009;7,684144
-0,06933607;7,652281;-0,07484438;7,667821
-0,06614436;7,643969;-0,07038663;7,6556
-0,06720282;7,645967;-0,06875561;7,650665
-0,07050593;7,662319;-0,06965208;7,656634
-0,08502533;7,679945;-0,07752725;7,668575
-0,08967818;7,700174;-0,08375036;7,684759
-0,09474674;7,7106;-0,0893843;7,697999
-0,100216;7,708656;-0,09493087;7,703456
-0,10749;7,702953;-0,101364;7,703198
-0,1163617;7,690683;-0,1090464;7,696788
-0,1174611;7,672176;-0,1133573;7,684179
-0,1156322;7,658444;-0,1145222;7,671002
-0,1119742;7,65564;-0,1132172;7,663134
-0,1067151;7,663665;-0,1098876;7,663406
-0,1000688;7,679909;-0,1048592;7,671858
-0,08725915;7,701464;-0,0958451;7,687021
-0,07307878;7,713789;-0,08418453;7,700731
-0,06369532;7,724746;-0,07368618;7,713036
-0,05713453;7,721878;-0,06520426;7,717567
-0,05380727;7,71451;-0,05936831;7,716002
-0,0478913;7,698094;-0,05348976;7,70683
-0,0441536;7,670588;-0,04870804;7,688267
-0,04151629;7,64747;-0,04502451;7,667371
-0,03932368;7,639966;-0,04210477;7,653335
-0,04046335;7,642818;-0,04126376;7,647947
-0,04826636;7,660516;-0,04484997;7,654384
-0,05715367;7,67936;-0,05115088;7,667175
-0,06730121;7,699436;-0,05941997;7,683692
-0,07258227;7,702662;-0,06616019;7,693407
-0,08120288;7,697805;-0,07386654;7,69566
-0,09199921;7,691669;-0,08315191;7,693616
-0,1006903;7,680604;-0,09213515;7,686951
-0,1045783;7,65972;-0,09850847;7,673004
-0,1060673;7,643944;-0,1023801;7,65812
-0,1027262;7,642998;-0,1025574;7,650373
-0,09679572;7,649308;-0,09960587;7,649828
-0,09000994;7,665314;-0,09469143;7,657759
-0,07411658;7,683476;-0,08415285;7,670931
-0,06196773;7,702057;-0,07278549;7,68688
-0,04926376;7,706955;-0,06073726;7,697163
-0,03951654;7,701774;-0,04986607;7,699525
-0,03235794;7,690972;-0,04089691;7,695144
-0,02466203;7,669226;-0,03258196;7,68187
-0,0185597;7,64397;-0,02540022;7,662458
-0,0143206;7,63021;-0,01972237;7,645933
-0,01266086;7,625823;-0,0161046;7,63563
-0,01468186;7,635908;-0,01537588;7,635772
-0,02173613;7,655808;-0,01863321;7,646033
-0,03089304;7,675772;-0,02491139;7,661262
-0,03931106;7,690987;-0,03228543;7,676484
-0,04789705;7,692623;-0,04028059;7,68475
-0,05665047;7,692713;-0,04866527;7,688828
-0,06668518;7,682472;-0,05789503;7,685573
-0,07165078;7,66087;-0,06493901;7,672923
-0,07392102;7,642876;-0,06953945;7,657533
-0,07233092;7,631326;-0,07096911;7,644111
-0,0689377;7,631054;-0,0699285;7,637423
-0,06174608;7,644379;-0,06573881;7,640985
-0,05628996;7,661303;-0,06089924;7,651391
-0,04045355;7,687453;-0,05042924;7,669858
-0,02836763;7,699058;-0,03913059;7,684813
-0,01780871;7,701535;-0,02818565;7,693397
-0,01080133;7,700158;-0,01928306;7,696859
-0,004768991;7,689178;-0,0118283;7,692914
0,000626541;7,662579;-0,005457768;7,677398
0,004404568;7,637512;-0,0003986782;7,656938
0,005546105;7,625409;0,002642187;7,64081
0,004735178;7,624111;0,003714223;7,632257
-0,0003651866;7,639569;0,0016251;7,636001
-0,009457243;7,660166;-0,004048018;7,648371
-0,0191837;7,6834;-0,01179931;7,66631
-0,0276223;7,697563;-0,01990065;7,682312
-0,03612115;7,700771;-0,02820288;7,69176
-0,04434313;7,701008;-0,03646515;7,696494
-0,05311719;7,691991;-0,04499588;7,694187
-0,05879413;7,671174;-0,05206587;7,682395
-0,06134417;7,650723;-0,0568144;7,666186
-0,06123832;7,64091;-0,05907898;7,653247
-0,05758912;7,643317;-0,05831597;7,648161
-0,05110856;7,655736;-0,05462621;7,65204
-0,0443951;7,674589;-0,0493875;7,663586
-0,03090627;7,694297;-0,03990506;7,679343
-0,02050162;7,708407;-0,02997896;7,694211
-0,01116609;7,711685;-0,02032584;7,703177
-0,004606562;7,708761;-0,01228109;7,706035
0,001270463;7,697156;-0,005330196;7,701481
0,00552228;7,671699;0,0002254746;7,686235
0,009075414;7,6484;0,004757491;7,66686
0,01030891;7,637632;0,007601635;7,651886
0,0104072;7,638074;0,009038755;7,644811
0,006494132;7,653001;0,00773566;7,649005
-0,002848619;7,671188;0,00231427;7,660367
-0,01103614;7,695346;-0,004520928;7,678276
-0,01833327;7,70654;-0,01159473;7,692751
-0,02598079;7,710009;-0,01896283;7,70159
-0,03302662;7,708687;-0,02617116;7,705227
-0,03944175;7,699119;-0,03296664;7,702099
-0,04251095;7,680106;-0,03785453;7,690836
-0,04188047;7,661809;-0,03991644;7,67597
-0,03793184;7,653881;-0,03890022;7,664659
-0,03350675;7,658365;-0,03613764;7,661435
-0,02514577;7,673295;-0,0305091;7,667508
-0,01363503;7,690729;-0,02186883;7,679398
-0,001507319;7,707531;-0,01143652;7,693812
0,009822882;7,716895;-0,0005471213;7,705636
0,01873604;7,717023;0,009336556;7,711473
0,02539756;7,709516;0,01756266;7,710471
0,02933044;7,691742;0,02359023;7,700878
0,03257928;7,671429;0,02819625;7,685788
0,03296556;7,655395;0,03063866;7,670223
0,03211826;7,651135;0,03139659;7,660445
0,02727122;7,656646;0,02928312;7,658499
0,01752721;7,674713;0,02325971;7,666806
0,006340014;7,691897;0,01459885;7,67965
-0,004969122;7,708774;0,004575634;7,694568
-0,01542404;7,71332;-0,005667474;7,704172
-0,02508416;7,713919;-0,01561306;7,709164
-0,0334838;7,706423;-0,02476731;7,70776
-0,0408577;7,693319;-0,03300855;7,700364
-0,04285267;7,670469;-0,03805108;7,68505
-0,04390374;7,660077;-0,04104893;7,672258
-0,04175822;7,659908;-0,04141218;7,665933
-0,03615008;7,671241;-0,03871669;7,668652
-0,02995132;7,687012;-0,03422774;7,678054
-0,0167857;7,706918;-0,02529375;7,692839
-0,00489166;7,719176;-0,0148439;7,706328
0,005037608;7,721591;-0,004657671;7,714149
0,01426024;7,71697;0,005032875;7,715594
0,02107651;7,703552;0,0132518;7,709425
0,02708581;7,685583;0,02033595;7,697216
0,03255837;7,664776;0,02659655;7,680599
0,03672647;7,657329;0,03178499;7,66868
0,03706437;7,65804;0,03449065;7,663227
0,03481027;7,671655;0,03465436;7,667543
0,03022425;7,687606;0,03238506;7,677821
0,02129933;7,706153;0,0267086;7,692328
0,01327987;7,715583;0,01983348;7,704234
0,005052506;7,714828;0,01226203;7,709661
-0,001885002;7,70859;0,005005735;7,709111
-0,008000851;7,695181;-0,001649077;7,701984
-0,01319357;7,67812;-0,007560217;7,689764
-0,01582049;7,666826;-0,0117895;7,67802
-0,01622849;7,666749;-0,01406305;7,672247
-0,01301921;7,678176;-0,01352855;7,675283
-0,007604701;7,692556;-0,0104945;7,68413
0,004750867;7,710324;-0,002687385;7,697544
0,01555052;7,725349;0,006652435;7,711783
0,02287109;7,729108;0,0149583;7,720655
0,02942553;7,726101;0,02236893;7,723445
0,03430162;7,716022;0,02848;7,719644
0,03634186;7,69835;0,03250606;7,708739
0,03872736;7,671746;0,03569263;7,689791
0,04173398;7,656776;0,03878681;7,672882
0,03792722;7,663883;0,03834654;7,668273
0,03158235;7,680703;0,03488154;7,674641
0,0232126;7,696203;0,02890233;7,685689
0,01566892;7,708833;0,02212491;7,697542
0,007784032;7,712367;0,0147805;7,705134
0,003613851;7,710141;0,009058701;7,7077
-0,0004655016;7,696379;0,00418134;7,701902
-0,002842087;7,679094;0,0005848128;7,690223
-0,002753778;7,662237;-0,001125007;7,67589
0,00113613;7,653166;3,306416E-05;7,664252
0,003311554;7,656208;0,001711872;7,660133
0,01148304;7,673675;0,006715853;7,667068
0,02250884;7,693527;0,01480162;7,680614
0,0328666;7,706778;0,02405394;7,694015
0,04116082;7,709723;0,03281676;7,702061
0,048749;7,708194;0,04097769;7,705203
0,05540228;7,701543;0,04836347;7,703329
0,05837339;7,684119;0,05348895;7,693492
0,0603397;7,6642;0,05699765;7,67849
0,06295846;7,647469;0,06004991;7,662606
0,06552225;7,645606;0,06285989;7,653876
0,06472831;7,651016;0,06381697;7,652411
0,06400212;7,665977;0,06391177;7,659358
0,05422353;7,67465;0,05895079;7,667188
0,04022921;7,697796;0,04933158;7,682915
0,03001828;7,707428;0,03943009;7,695482
0,02132594;7,707416;0,03016398;7,70159
0,01191463;7,698099;0,02083346;7,699805
0,003786602;7,680136;0,0121008;7,689729
-0,001903324;7,6655;0,004929056;7,677321
-0,007382832;7,654226;-0,001366509;7,665512
-0,01084108;7,656739;-0,006216661;7,661021
-0,01104358;7,670532;-0,008688565;7,665892
-0,007470408;7,68911;-0,008065411;7,677769
-0,003449747;7,708413;-0,005701451;7,693464
0,006925848;7,721766;0,0007614321;7,707949
0,01234744;7,726324;0,006686599;7,717346
0,01862029;7,72332;0,01279593;7,720404
0,01934231;7,709716;0,01614827;7,714931
0,01872969;7,688247;0,0174695;7,701273
0,01933257;7,665593;0,01842294;7,683014
0,01822042;7,653518;0,01831893;7,667866
0,01552991;7,656034;0,0168933;7,661818
0,008078449;7,665035;0,01237072;7,663468
-0,002538952;7,681757;0,004736284;7,672833
-0,0152589;7,69789;-0,005511264;7,685675
-0,02576242;7,711286;-0,0158843;7,698793
-0,03415443;7,71455;-0,02524848;7,706869
-0,04198992;7,711644;-0,0338212;7,709314
-0,04707472;7,700188;-0,04061373;7,704637
-0,04893144;7,687887;-0,04487503;7,696055
-0,05080521;7,667727;-0,047913;7,681543
-0,04985675;7,661126;-0,04890899;7,671081
-0,04825434;7,666603;-0,04857356;7,668787
-0,04272605;7,67964;-0,04557772;7,674347
-0,03341959;7,697421;-0,03935087;7,686164
-0,0194962;7,714883;-0,02918159;7,700873
-0,00862642;7,720995;-0,01865123;7,711182
-0,0002556034;7,720336;-0,00922364;7,715873
0,0052469;7,713138;-0,001803591;7,71447
0,009607076;7,695578;0,004039068;7,704797
0,0132276;7,675416;0,008745542;7,689748
0,01586357;7,658167;0,01239092;7,673574
0,01599477;7,656579;0,01423772;7,664865
0,01220782;7,663698;0,0131979;7,664268
0,0008415018;7,682968;0,006872215;7,673841
-0,01127947;7,699162;-0,002426183;7,686812
-0,02195937;7,71472;-0,01243169;7,701108
-0,03038498;7,717927;-0,02162718;7,709723
-0,03734938;7,712927;-0,0296796;7,711364
-0,04119987;7,702889;-0,03557975;7,707023
-0,04256042;7,688056;-0,03915419;7,697311
-0,04174519;7,672515;-0,04048128;7,684611
-0,04039116;7,670647;-0,04043512;7,677459
-0,03773178;7,677292;-0,03905041;7,677373
-0,02891685;7,692216;-0,03385955;7,684977
-0,01566816;7,713009;-0,02454481;7,69933
-0,003269673;7,729946;-0,01365047;7,715008
0,007880968;7,737169;-0,00261759;7,726363
0,01524279;7,736391;0,006532949;7,731501
0,02378911;7,731147;0,01537039;7,73132
0,02737371;7,718086;0,02151632;7,724544
0,03070654;7,689207;0,02622619;7,706434
0,03496417;7,667981;0,03070111;7,686741
0,03867297;7,663467;0,03478523;7,674818
0,03846136;7,668849;0,03666818;7,671761
0,03482255;7,68571;0,035723;7,678905
0,03053571;7,70215;0,03306593;7,690812
0,02128868;7,718941;0,02703472;7,705217
0,01392583;7,725486;0,02031998;7,715599
0,006905829;7,724995;0,01345061;7,72041
0,001451354;7,71603;0,007304267;7,718166
-0,004624321;7,703542;0,001194285;7,710675
-0,009230413;7,674405;-0,004144218;7,692101
-0,0126353;7,662934;-0,008494374;7,677158
-0,01523749;7,661035;-0,01195027;7,668895
-0,01398877;7,670643;-0,01299407;7,66979
-0,009990693;7,684299;-0,01145621;7,677219
-0,002770448;7,695946;-0,007007497;7,686811
0,00350354;7,713333;-0,001619663;7,700406
0,0102407;7,716285;0,00445347;7,708537
0,017047;7,713424;0,01090284;7,71104
0,02052162;7,700423;0,01582914;7,705603
0,02364179;7,679816;0,01982839;7,692402
0,02585013;7,658823;0,02291275;7,675203
0,02567486;7,651007;0,02432697;7,662815
0,023905;7,653165;0,02411082;7,657872
0,01741299;7,665556;0,02068054;7,661808
0,006827387;7,682599;0,01359068;7,672448
-0,003997595;7,69746;0,004582179;7,685259
-0,01319256;7,708147;-0,004521423;7,696981
-0,02129225;7,709711;-0,01310804;7,703498
-0,02910235;7,702618;-0,02129944;7,703047
-0,03644468;7,689417;-0,02905461;7,696068
-0,04156746;7,668028;-0,03546195;7,68171
-0,0461095;7,652822;-0,04091535;7,666914
-0,04766051;7,647533;-0,04437052;7,656986
-0,04693824;7,653198;-0,04568546;7,655046
-0,04385931;7,669189;-0,04475033;7,662288
-0,03941824;7,682689;-0,0420185;7,67274
-0,03232184;7,703401;-0,03705014;7,68845
-0,02331799;7,715544;-0,03001771;7,702325
-0,0170058;7,714795;-0,02335022;7,708715
-0,01166033;7,707329;-0,0173657;7,708005
-0,005190794;7,688888;-0,01112983;7,698214
0,0001471594;7,664182;-0,005353045;7,68078
0,003996795;7,64366;-0,0005615451;7,661757
0,006128037;7,636271;0,002866887;7,648695
0,006344678;7,637324;0,004647657;7,642873
0,004340567;7,651267;0,004490343;7,647173
0,002155911;7,670034;0,003294388;7,658885
-0,006609231;7,688839;-0,001776536;7,674222
-0,009797195;7,700226;-0,005885142;7,687543
-0,0186826;7,700678;-0,01243986;7,694271
-0,02491009;7,695693;-0,0188255;7,694999
-0,03120545;7,682409;-0,02516711;7,68855
-0,03357716;7,662879;-0,0294744;7,675402
-0,03550767;7,647327;-0,0325641;7,661025
-0,0350296;7,644462;-0,0338271;7,65254
-0,0327564;7,654462;-0,03327865;7,653524
-0,02744434;7,670961;-0,0302908;7,662454
-0,01951123;7,690195;-0,02477231;7,676656
-0,008985838;7,705474;-0,01668672;7,691416
1,455649E-06;7,715132;-0,008139364;7,703563
0,007716561;7,714376;-1,893286E-05;7,709101
0,01233864;7,706066;0,006310339;7,707547
0,01615869;7,68683;0,01135913;7,696926
0,01859448;7,664017;0,01506422;7,680074
0,0198104;7,647393;0,01749537;7,663333
0,01902645;7,642744;0,01827949;7,652789
0,01501143;7,650578;0,01660544;7,651657
0,007409792;7,670177;0,01189757;7,661139
-0,003336393;7,688808;0,004095562;7,67531
-0,01231253;7,705429;-0,004306825;7,690733
-0,01980361;7,708606;-0,01224275;7,699886
-0,02651347;7,706358;-0,01955177;7,703201
-0,0338143;7,70156;-0,02685817;7,702361
-0,03813628;7,690586;-0,03263328;7,696332
-0,04150904;7,664129;-0,03717822;7,679842
-0,04379932;7,655218;-0,04056992;7,667228
-0,04334845;7,657293;-0,04199322;7,662139
-0,03996022;7,671047;-0,04095185;7,666702
-0,03422434;7,688141;-0,03750848;7,677675
-0,02724712;7,708824;-0,03225166;7,693633
-0,01757447;7,720999;-0,02473643;7,707645
-0,01036266;7,723355;-0,01737292;7,715693
-0,004845111;7,717609;-0,0109552;7,716675
-0,0005364338;7,705292;-0,005618231;7,710844
0,002542591;7,682601;-0,001437621;7,696376
0,004063892;7,662354;0,001380409;7,678949
0,004776465;7,653233;0,003119891;7,665777
0,003621246;7,654765;0,003376686;7,660137
-0,0005475435;7,668468;0,001366555;7,664404
-0,00956426;7,685244;-0,00423359;7,675081
-0,01871113;7,70035;-0,01164652;7,688019
-0,02876838;7,71107;-0,02041602;7,699825
-0,03701163;7,710158;-0,0289226;7,705122
-0,04418777;7,703686;-0,03674509;7,704386
-0,05003507;7,689161;-0,04355113;7,696589
-0,05320361;7,674889;-0,04849436;7,685476
-0,05366388;7,664685;-0,05114227;7,674827
-0,051429;7,665312;-0,05128923;7,66995
-0,04384936;7,676169;-0,04748077;7,673133
-0,03465958;7,687911;-0,04091259;7,680704
-0,02494413;7,70976;-0,03273091;7,695591
-0,01030742;7,721682;-0,02124727;7,708953
-0,001026983;7,72496;-0,01089115;7,717151
0,00723301;7,719006;-0,001609545;7,718101
0,009948596;7,705515;0,004312527;7,711652
0,01316794;7,68644;0,008847869;7,69874
0,01677072;7,664208;0,01290511;7,681056
0,01915156;7,65594;0,01610422;7,668193
0,01918575;7,65511;0,01768285;7,66149
0,016939;7,666471;0,01730186;7,664041
0,01134703;7,683352;0,01425265;7,673929
0,004421921;7,699318;0,009220238;7,686926
-0,001203143;7,711378;0,003882158;7,699448
-0,007684093;7,712698;-0,002044465;7,706237
-0,0109505;7,70612;-0,006604835;7,706178
-0,01419566;7,689158;-0,01049063;7,697465
-0,01493089;7,670521;-0,01276506;7,683664
-0,01699277;7,655901;-0,01493046;7,669444
-0,01695841;7,651604;-0,01596904;7,660307
-0,01666689;7,657959;-0,01632642;7,659105
-0,01358803;7,672887;-0,01492344;7,666166
-0,006936266;7,685993;-0,01083502;7,676315
0,001250404;7,705314;-0,004644837;7,691168
0,007718059;7,712483;0,00168349;7,702079
0,01322966;7,710473;0,007598497;7,706379
0,01571872;7,701796;0,01175617;7,704032
0,01580019;7,686865;0,01382731;7,69524
0,01473127;7,669681;0,01429019;7,682152
0,01129785;7,659791;0,01275751;7,670699
0,004798113;7,659322;0,00868181;7,664874
-0,006380055;7,6706;0,0009688237;7,667806
-0,01869636;7,684594;-0,009099673;7,676401
-0,03205696;7,701103;-0,02085826;7,689053
-0,04303932;7,712362;-0,03222053;7,700993
-0,05409175;7,713695;-0,04342919;7,707502
-0,06177184;7,709052;-0,05282281;7,708296
-0,06728157;7,695491;-0,06023009;7,701736
-0,0694157;7,679222;-0,06493603;7,690202
-0,07183017;7,665102;-0,06846722;7,677346
-0,070425;7,660564;-0,06947027;7,668748
-0,06938045;7,665363;-0,06942425;7,667014
-0,06653666;7,67918;-0,0679453;7,673245
-0,05682457;7,701675;-0,0622447;7,687819
-0,0468249;7,719691;-0,05434794;7,704141
-0,03740301;7,729206;-0,04566973;7,716978
-0,03107247;7,729005;-0,03818699;7,723144
-0,02674191;7,722387;-0,03232454;7,722756
-0,02284793;7,705655;-0,02747104;7,713998
-0,01955523;7,68466;-0,02341656;7,698971
-0,01761804;7,668698;-0,02044652;7,683465
-0,01749578;7,662982;-0,01893498;7,672972
-0,01997389;7,669201;-0,01946715;7,671041
-0,02663414;7,686513;-0,02315108;7,678994
-0,03693316;7,703115;-0,03019403;7,69132
-0,04394832;7,722026;-0,03723966;7,707049
-0,04896472;7,727776;-0,04324266;7,717661
-0,05455244;7,724672;-0,0490344;7,721251
-0,06060765;7,715953;-0,05496218;7,718537
-0,06384779;7,697094;-0,05951161;7,707558
-0,06575372;7,685265;-0,06270795;7,696143
-0,06454964;7,677579;-0,06365119;7,686635
-0,06263203;7,681413;-0,063129;7,683959
-0,05714096;7,700172;-0,06006362;7,692259
-0,05097279;7,721229;-0,05540776;7,707096
-0,03916679;7,739375;-0,04709241;7,723623
-0,02833476;7,746928;-0,03748169;7,735564
-0,02127125;7,748891;-0,02917622;7,742392
-0,01651399;7,743151;-0,02269248;7,742781
-0,01474835;7,729569;-0,01862294;7,736013
-0,01313706;7,709646;-0,01581381;7,722511
-0,01104022;7,690737;-0,01336946;7,706241
-0,01060892;7,684273;-0,01195553;7,694989
-0,01245093;7,687453;-0,01221;7,691118
-0,02138791;7,706421;-0,0169046;7,698946
-0,02959464;7,716857;-0,02340496;7,708121
-0,03887299;7,740244;-0,03132347;7,724566
-0,04731263;7,746724;-0,0395142;7,735917
-0,05601667;7,747379;-0,04796687;7,741788
-0,06327301;7,739147;-0,0558058;7,740436
-0,06875677;7,723948;-0,06243942;7,73199
-0,07362894;7,700571;-0,06817184;7,715894
-0,07502666;7,686124;-0,07168417;7,70064
-0,07552795;7,682174;-0,07365306;7,691182
-0,07530914;7,689778;-0,07450149;7,690463
-0,06999464;7,705171;-0,07219324;7,697996
-0,06286553;7,722652;-0,06741673;7,710622
-0,05208315;7,740685;-0,05956357;7,726018
-0,04281114;7,746861;-0,05098341;7,736693
-0,03767104;7,745957;-0,04416271;7,74144
-0,03400765;7,736551;-0,03896278;7,738936
-0,03301781;7,725094;-0,03591798;7,731847
-0,03180439;7,695145;-0,03381112;7,713049
-0,03031744;7,680099;-0,03202128;7,696168
-0,03118627;7,676116;-0,0315936;7,685898
-0,03511098;7,682234;-0,03339517;7,684021
-0,04506635;7,697027;-0,03937094;7,69068
-0,05498815;7,710255;-0,04736816;7,700704
-0,0624904;7,729701;-0,0551131;7,715555
-0,06873925;7,730923;-0,06208998;7,723423
-0,07543646;7,72857;-0,06892841;7,72606
-0,08238366;7,719391;-0,07581715;7,722646
-0,08805963;7,695235;-0,08208816;7,708605
-0,09117732;7,680488;-0,08674496;7,6942
-0,08861468;7,675227;-0,08770265;7,684482
-0,08594253;7,68996;-0,08662604;7,687833
-0,07650232;7,704221;-0,08144151;7,696226
-0,06294803;7,728778;-0,07197256;7,712893
-0,04969543;7,736566;-0,0605648;7,725015
-0,04077676;7,737437;-0,05043214;7,731376
-0,03482356;7,73082;-0,04243828;7,731091
-0,02824371;7,717417;-0,03375666;7,722728
-0,02370359;7,691245;-0,02860797;7,706604
-0,02180067;7,68245;-0,02444495;7,691833
-0,02386561;7,683935;-0,02414829;7,687788
-0,02869488;7,707193;-0,02647666;7,697726
-0,03986597;7,722844;-0,03333313;7,710588
-0,04812511;7,735667;-0,04090825;7,723432
-0,05350768;7,7376;-0,04736232;7,73069
-0,06035383;7,732834;-0,05401723;7,731788
-0,06813197;7,723379;-0,06124615;7,727481
-0,07026587;7,70636;-0,06586501;7,716666
-0,07131191;7,696036;-0,06865527;7,706098
-0,070452;7,702711;-0,06957566;7,704362
-0,06232113;7,716918;-0,06586005;7,710793
-0,05315599;7,734448;-0,0593537;7,722908
-0,03924848;7,753312;-0,04905591;7,738481
-0,02378568;7,769293;-0,03611066;7,754265
-0,01171933;7,776353;-0,02361382;7,765582
-0,001972151;7,778388;-0,01252477;7,772143
0,003914622;7,771576;-0,004103504;7,771853
0,007604879;7,760002;0,003058601;7,764604
0,009568742;7,734308;0,006391959;7,749092
0,009461321;7,713285;0,007963835;7,730754
0,007808425;7,705673;0,007884257;7,717912
0,001968699;7,728497;0,004854228;7,723333
-0,003948994;7,739187;0,0003481866;7,731448
-0,01442236;7,751457;-0,007214853;7,741693
-0,02490822;7,766923;-0,01627274;7,75461
-0,0337096;7,775447;-0,02520073;7,765279
-0,04532216;7,77581;-0,03550727;7,770673
-0,05481371;7,767921;-0,04539862;7,769263
-0,06356204;7,752338;-0,05474602;7,760553
-0,06845949;7,738314;-0,06175185;7,749192
-0,06905116;7,729195;-0,06549174;7,738946
-0,06742088;7,724568;-0,06647948;7,731585
-0,06362759;7,729279;-0,06501906;7,730404
-0,05976256;7,739638;-0,06232616;7,735135
-0,04967811;7,750081;-0,05585021;7,742787
-0,03917415;7,766879;-0,04731369;7,75512
-0,03261459;7,771646;-0,03978771;7,763582
